{"cameraMode":{"drawMode":0,"name":"Shaded","section":"Shading Mode"},"sceneLighting":false,"audioPlay":false,"sceneViewState":{"m_AlwaysRefresh":false,"showFog":true,"showSkybox":false,"showFlares":true,"showImageEffects":true,"showParticleSystems":true,"showVisualEffectGraphs":true,"m_FxEnabled":true},"in2DMode":false,"pivot":{"x":0.024831771850585939,"y":-0.8605614900588989,"z":-0.2647634744644165},"rotation":{"x":-0.1633564829826355,"y":-0.7556529641151428,"z":0.2057248204946518,"w":-0.6000114679336548},"size":1.7900919914245606,"orthographic":false}